{
  "nilId": 7,
  "nil": "MAGENTA - S. VITTORE",
  "investorScore": 24.5,
  "riskLevel": "Alto",
  "riskColor": "#ef4444",
  "growthPotential": "Alto",
  "ranking": {
    "qualitaVita": 88,
    "verde": 74,
    "popolazione": 34,
    "totaleNil": 88
  },
  "confrontoMilano": {
    "popolazione": {
      "nil": 17940,
      "media": 15753,
      "delta": 2186.761363636364
    },
    "densita": {
      "nil": 12905.598942564186,
      "media": 8881.290415418553,
      "deltaPercent": 45.3
    },
    "stranieri": {
      "nil": 11.644370122630992,
      "media": 21.360484986780587,
      "delta": -9.7
    },
    "verde": {
      "nil": 3.6902924279628944,
      "media": 8.1171861884842,
      "deltaPercent": -54.5
    },
    "qualitaVita": {
      "nil": 0,
      "media": 39.6877862711082,
      "deltaPercent": -100
    }
  }
}
