{
  "nilId": 57,
  "nil": "SAN SIRO",
  "investorScore": 24.8,
  "riskLevel": "Alto",
  "riskColor": "#ef4444",
  "growthPotential": "Basso",
  "ranking": {
    "qualitaVita": 84,
    "verde": 76,
    "popolazione": 18,
    "totaleNil": 88
  },
  "confrontoMilano": {
    "popolazione": {
      "nil": 26354,
      "media": 15753,
      "delta": 10600.761363636364
    },
    "densita": {
      "nil": 26758.364976675715,
      "media": 8881.290415418553,
      "deltaPercent": 201.3
    },
    "stranieri": {
      "nil": 37.406086362601506,
      "media": 21.360484986780587,
      "delta": 16
    },
    "verde": {
      "nil": 3.642016342893341,
      "media": 8.1171861884842,
      "deltaPercent": -55.1
    },
    "qualitaVita": {
      "nil": 22.11679408441421,
      "media": 39.6877862711082,
      "deltaPercent": -44.3
    }
  }
}
