{
  "nilId": 70,
  "nil": "GHISOLFA",
  "investorScore": 29.9,
  "riskLevel": "Alto",
  "riskColor": "#ef4444",
  "growthPotential": "Moderato",
  "ranking": {
    "qualitaVita": 80,
    "verde": 49,
    "popolazione": 33,
    "totaleNil": 88
  },
  "confrontoMilano": {
    "popolazione": {
      "nil": 18017,
      "media": 15753,
      "delta": 2263.761363636364
    },
    "densita": {
      "nil": 17135.996102251538,
      "media": 8881.290415418553,
      "deltaPercent": 92.9
    },
    "stranieri": {
      "nil": 16.623189210190375,
      "media": 21.360484986780587,
      "delta": -4.7
    },
    "verde": {
      "nil": 5.92906265623365,
      "media": 8.1171861884842,
      "deltaPercent": -27
    },
    "qualitaVita": {
      "nil": 26.767253121534516,
      "media": 39.6877862711082,
      "deltaPercent": -32.6
    }
  }
}
