{
  "nilId": 19,
  "nil": "PADOVA - TURRO - CRESCENZAGO",
  "investorScore": 33,
  "riskLevel": "Medio",
  "riskColor": "#f59e0b",
  "growthPotential": "Basso",
  "ranking": {
    "qualitaVita": 66,
    "verde": 45,
    "popolazione": 5,
    "totaleNil": 88
  },
  "confrontoMilano": {
    "popolazione": {
      "nil": 37409,
      "media": 15753,
      "delta": 21655.761363636364
    },
    "densita": {
      "nil": 18143.261340382607,
      "media": 8881.290415418553,
      "deltaPercent": 104.3
    },
    "stranieri": {
      "nil": 34.99959902697212,
      "media": 21.360484986780587,
      "delta": 13.6
    },
    "verde": {
      "nil": 6.332307329712551,
      "media": 8.1171861884842,
      "deltaPercent": -22
    },
    "qualitaVita": {
      "nil": 35.0341192587289,
      "media": 39.6877862711082,
      "deltaPercent": -11.7
    }
  }
}
