{
  "nilId": 67,
  "nil": "PORTELLO",
  "investorScore": 30.9,
  "riskLevel": "Medio",
  "riskColor": "#f59e0b",
  "growthPotential": "Moderato",
  "ranking": {
    "qualitaVita": 74,
    "verde": 66,
    "popolazione": 58,
    "totaleNil": 88
  },
  "confrontoMilano": {
    "popolazione": {
      "nil": 8858,
      "media": 15753,
      "delta": -6895.238636363636
    },
    "densita": {
      "nil": 9738.322771709152,
      "media": 8881.290415418553,
      "deltaPercent": 9.6
    },
    "stranieri": {
      "nil": 10.837660871528563,
      "media": 21.360484986780587,
      "delta": -10.5
    },
    "verde": {
      "nil": 4.426296131352514,
      "media": 8.1171861884842,
      "deltaPercent": -45.5
    },
    "qualitaVita": {
      "nil": 31.638979965270874,
      "media": 39.6877862711082,
      "deltaPercent": -20.3
    }
  }
}
