{
  "nilId": 25,
  "nil": "CORSICA",
  "investorScore": 21.6,
  "riskLevel": "Alto",
  "riskColor": "#ef4444",
  "growthPotential": "Basso",
  "ranking": {
    "qualitaVita": 86,
    "verde": 80,
    "popolazione": 27,
    "totaleNil": 88
  },
  "confrontoMilano": {
    "popolazione": {
      "nil": 19482,
      "media": 15753,
      "delta": 3728.761363636364
    },
    "densita": {
      "nil": 18017.38712615136,
      "media": 8881.290415418553,
      "deltaPercent": 102.9
    },
    "stranieri": {
      "nil": 14.120726824761318,
      "media": 21.360484986780587,
      "delta": -7.2
    },
    "verde": {
      "nil": 3.2009699434229137,
      "media": 8.1171861884842,
      "deltaPercent": -60.6
    },
    "qualitaVita": {
      "nil": 19.005917230428416,
      "media": 39.6877862711082,
      "deltaPercent": -52.1
    }
  }
}
