{
  "nilId": 16,
  "nil": "GORLA - PRECOTTO",
  "investorScore": 37.2,
  "riskLevel": "Medio",
  "riskColor": "#f59e0b",
  "growthPotential": "Moderato",
  "ranking": {
    "qualitaVita": 32,
    "verde": 52,
    "popolazione": 15,
    "totaleNil": 88
  },
  "confrontoMilano": {
    "popolazione": {
      "nil": 29488,
      "media": 15753,
      "delta": 13734.761363636364
    },
    "densita": {
      "nil": 9823.051314630231,
      "media": 8881.290415418553,
      "deltaPercent": 10.6
    },
    "stranieri": {
      "nil": 23.27048290830168,
      "media": 21.360484986780587,
      "delta": 1.9
    },
    "verde": {
      "nil": 5.63733670287566,
      "media": 8.1171861884842,
      "deltaPercent": -30.6
    },
    "qualitaVita": {
      "nil": 43.1669740710952,
      "media": 39.6877862711082,
      "deltaPercent": 8.8
    }
  }
}
