{
  "nilId": 61,
  "nil": "QUARTO CAGNINO",
  "investorScore": 35.1,
  "riskLevel": "Alto",
  "riskColor": "#ef4444",
  "growthPotential": "Basso",
  "ranking": {
    "qualitaVita": 41,
    "verde": 15,
    "popolazione": 56,
    "totaleNil": 88
  },
  "confrontoMilano": {
    "popolazione": {
      "nil": 9801,
      "media": 15753,
      "delta": -5952.238636363636
    },
    "densita": {
      "nil": 9936.592629961973,
      "media": 8881.290415418553,
      "deltaPercent": 11.9
    },
    "stranieri": {
      "nil": 11.743699622487501,
      "media": 21.360484986780587,
      "delta": -9.6
    },
    "verde": {
      "nil": 12.221260679786218,
      "media": 8.1171861884842,
      "deltaPercent": 50.6
    },
    "qualitaVita": {
      "nil": 40.746651318321035,
      "media": 39.6877862711082,
      "deltaPercent": 2.7
    }
  }
}
