{
  "nilId": 58,
  "nil": "DE ANGELI - MONTE ROSA",
  "investorScore": 32.2,
  "riskLevel": "Alto",
  "riskColor": "#ef4444",
  "growthPotential": "Alto",
  "ranking": {
    "qualitaVita": 79,
    "verde": 58,
    "popolazione": 25,
    "totaleNil": 88
  },
  "confrontoMilano": {
    "popolazione": {
      "nil": 21405,
      "media": 15753,
      "delta": 5651.761363636364
    },
    "densita": {
      "nil": 16178.788869749127,
      "media": 8881.290415418553,
      "deltaPercent": 82.2
    },
    "stranieri": {
      "nil": 12.198084559682318,
      "media": 21.360484986780587,
      "delta": -9.2
    },
    "verde": {
      "nil": 4.813477654922481,
      "media": 8.1171861884842,
      "deltaPercent": -40.7
    },
    "qualitaVita": {
      "nil": 28.369032416362046,
      "media": 39.6877862711082,
      "deltaPercent": -28.5
    }
  }
}
