{
  "nilId": 28,
  "nil": "UMBRIA - MOLISE - CALVAIRATE",
  "investorScore": 27.7,
  "riskLevel": "Alto",
  "riskColor": "#ef4444",
  "growthPotential": "Moderato",
  "ranking": {
    "qualitaVita": 82,
    "verde": 69,
    "popolazione": 24,
    "totaleNil": 88
  },
  "confrontoMilano": {
    "popolazione": {
      "nil": 22599,
      "media": 15753,
      "delta": 6845.761363636364
    },
    "densita": {
      "nil": 18953.30092562124,
      "media": 8881.290415418553,
      "deltaPercent": 113.4
    },
    "stranieri": {
      "nil": 19.47431302270012,
      "media": 21.360484986780587,
      "delta": -1.9
    },
    "verde": {
      "nil": 4.116615517259076,
      "media": 8.1171861884842,
      "deltaPercent": -49.3
    },
    "qualitaVita": {
      "nil": 25.23087039291928,
      "media": 39.6877862711082,
      "deltaPercent": -36.4
    }
  }
}
