{
  "nilId": 64,
  "nil": "TRENNO",
  "investorScore": 28.4,
  "riskLevel": "Medio",
  "riskColor": "#f59e0b",
  "growthPotential": "Basso",
  "ranking": {
    "qualitaVita": 72,
    "verde": 46,
    "popolazione": 68,
    "totaleNil": 88
  },
  "confrontoMilano": {
    "popolazione": {
      "nil": 3975,
      "media": 15753,
      "delta": -11778.238636363636
    },
    "densita": {
      "nil": 8117.345857425332,
      "media": 8881.290415418553,
      "deltaPercent": -8.6
    },
    "stranieri": {
      "nil": 8.10062893081761,
      "media": 21.360484986780587,
      "delta": -13.3
    },
    "verde": {
      "nil": 6.249660521189721,
      "media": 8.1171861884842,
      "deltaPercent": -23
    },
    "qualitaVita": {
      "nil": 32.01650066090335,
      "media": 39.6877862711082,
      "deltaPercent": -19.3
    }
  }
}
