{
  "nilId": 4,
  "nil": "GUASTALLA",
  "investorScore": 33.7,
  "riskLevel": "Medio",
  "riskColor": "#f59e0b",
  "growthPotential": "Alto",
  "ranking": {
    "qualitaVita": 69,
    "verde": 71,
    "popolazione": 42,
    "totaleNil": 88
  },
  "confrontoMilano": {
    "popolazione": {
      "nil": 15369,
      "media": 15753,
      "delta": -384.23863636363603
    },
    "densita": {
      "nil": 9928.53664134547,
      "media": 8881.290415418553,
      "deltaPercent": 11.8
    },
    "stranieri": {
      "nil": 12.29097533997007,
      "media": 21.360484986780587,
      "delta": -9.1
    },
    "verde": {
      "nil": 3.9798069855846743,
      "media": 8.1171861884842,
      "deltaPercent": -51
    },
    "qualitaVita": {
      "nil": 33.23197442449765,
      "media": 39.6877862711082,
      "deltaPercent": -16.3
    }
  }
}
