{
  "nilId": 37,
  "nil": "MORIVIONE",
  "investorScore": 31.7,
  "riskLevel": "Medio",
  "riskColor": "#f59e0b",
  "growthPotential": "Moderato",
  "ranking": {
    "qualitaVita": 64,
    "verde": 50,
    "popolazione": 61,
    "totaleNil": 88
  },
  "confrontoMilano": {
    "popolazione": {
      "nil": 7702,
      "media": 15753,
      "delta": -8051.238636363636
    },
    "densita": {
      "nil": 9416.271953389194,
      "media": 8881.290415418553,
      "deltaPercent": 6
    },
    "stranieri": {
      "nil": 15.995845235003895,
      "media": 21.360484986780587,
      "delta": -5.4
    },
    "verde": {
      "nil": 5.728867898768646,
      "media": 8.1171861884842,
      "deltaPercent": -29.4
    },
    "qualitaVita": {
      "nil": 35.34380629920484,
      "media": 39.6877862711082,
      "deltaPercent": -10.9
    }
  }
}
