{
  "nilId": 23,
  "nil": "LAMBRATE - ORTICA",
  "investorScore": 35.6,
  "riskLevel": "Medio",
  "riskColor": "#f59e0b",
  "growthPotential": "Moderato",
  "ranking": {
    "qualitaVita": 30,
    "verde": 57,
    "popolazione": 53,
    "totaleNil": 88
  },
  "confrontoMilano": {
    "popolazione": {
      "nil": 11923,
      "media": 15753,
      "delta": -3830.238636363636
    },
    "densita": {
      "nil": 3853.653018914184,
      "media": 8881.290415418553,
      "deltaPercent": -56.6
    },
    "stranieri": {
      "nil": 17.08462635242808,
      "media": 21.360484986780587,
      "delta": -4.3
    },
    "verde": {
      "nil": 4.845055832885035,
      "media": 8.1171861884842,
      "deltaPercent": -40.3
    },
    "qualitaVita": {
      "nil": 43.532355745776336,
      "media": 39.6877862711082,
      "deltaPercent": 9.7
    }
  }
}
