{
  "nilId": 35,
  "nil": "LODI - CORVETTO",
  "investorScore": 39.8,
  "riskLevel": "Medio",
  "riskColor": "#f59e0b",
  "growthPotential": "Moderato",
  "ranking": {
    "qualitaVita": 21,
    "verde": 43,
    "popolazione": 6,
    "totaleNil": 88
  },
  "confrontoMilano": {
    "popolazione": {
      "nil": 36370,
      "media": 15753,
      "delta": 20616.761363636364
    },
    "densita": {
      "nil": 9994.627935624914,
      "media": 8881.290415418553,
      "deltaPercent": 12.5
    },
    "stranieri": {
      "nil": 27.54193016222161,
      "media": 21.360484986780587,
      "delta": 6.2
    },
    "verde": {
      "nil": 6.751110432770254,
      "media": 8.1171861884842,
      "deltaPercent": -16.8
    },
    "qualitaVita": {
      "nil": 45.43270559749787,
      "media": 39.6877862711082,
      "deltaPercent": 14.5
    }
  }
}
